prot_acc,TrivialName,Speices,Primary,Secondary
sp|P31947|1433S_HUMAN,Stratifin,Homo sapiens,Skin,Female
sp|Q5R8A4|AL9A1_PONAB,4-trimethylaminobutyraldehyde dehydrogenase,Homo sapiens,Several,
sp|P52209|6PGD_HUMAN,"6-phosphogluconate dehydrogenase, decarboxylating ",Homo sapiens,Several,
sp|P10809|CH60_HUMAN,"60 kDa heat shock protein, mitochondrial ",Homo sapiens,Several,
zz|Y-FGCZCont00457|,63 kDa protein,Homo sapiens,NA,
sp|Q8IZT6|ASPM_HUMAN,Abnormal spindle-like microcephaly-associated protein,Homo sapiens,Skin,
sp|A5A6P2|ASAH1_PANTR,Acid ceramidase,Homo sapiens,Several,
sp|Q6ZNF0|ACP7_HUMAN,Acid phosphatase type 7,Homo sapiens,Skin,
sp|P07108|ACBP_HUMAN,Acyl-CoA-binding protein,Homo sapiens,Several,
sp|Q5RBR7|LYPA1_PONAB,Acyl-protein thioesterase 1,Homo sapiens,Several,
sp|P13798|ACPH_HUMAN,Acylamino-acid-releasing enzyme,Homo sapiens,Several,
sp|P07741|APT_HUMAN,Adenine phosphoribosyltransferase,Homo sapiens,Several,
sp|P23526|SAHH_HUMAN,Adenosylhomocysteinase,Homo sapiens,Several,
sp|Q5R8B4|CAP1_PONAB,Adenylyl cyclase-associated protein 1,Homo sapiens,Several,
sp|Q9HDC9|APMAP_HUMAN,Adipocyte plasma membrane-associated protein,Homo sapiens,Several,
sp|Q5RCF1|ARF4_PONAB,ADP-ribosylation factor 4,Homo sapiens,Several,
sp|Q5RCY2|NUDT5_PONAB,ADP-sugar pyrophosphatase,Homo sapiens,Several,
zz|Y-FGCZCont00098|,Albumin,Homo sapiens,Blood/Saliva/Sweat,
zz|Y-FGCZCont00219|,Albumin,Homo sapiens,Blood/Saliva/Sweat,
sp|Q5NVH5|ALBU_PONAB,Albumin,Homo sapiens,Blood/Saliva/Sweat,
sp|P00352|AL1A1_HUMAN,Aldehyde dehydrogenase 1A1,Homo sapiens,Several,
sp|Q5RF60|AL3A2_PONAB,Aldehyde dehydrogenase family 3 member A2,Homo sapiens,Several,
sp|P30838|AL3A1_HUMAN,"Aldehyde dehydrogenase, dimeric NADP-preferring ",Homo sapiens,Saliva,
sp|Q5RF00|ALDH2_PONAB,"Aldehyde dehydrogenase, mitochondrial ",Homo sapiens,Several,
sp|P14550|AK1A1_HUMAN,Aldo-keto reductase family 1 member A1,Homo sapiens,Several,
sp|O60218|AK1BA_HUMAN,Aldo-keto reductase family 1 member B10,Homo sapiens,Several,
sp|P40394|ADH7_HUMAN,All-trans-retinol dehydrogenase [NAD(+)] ADH7,Homo sapiens,Digestive tract,
sp|P02763|A1AG1_HUMAN,Alpha-1-acid glycoprotein 1,Homo sapiens,Several,Male
sp|P01011|AACT_HUMAN,Alpha-1-antichymotrypsin,Homo sapiens,Several,
sp|P01009|A1AT_HUMAN,Alpha-1-antitrypsin,Homo sapiens,Blood/Saliva/Sweat,
sp|Q5RCW5|A1AT_PONAB,Alpha-1-antitrypsin,Homo sapiens,Blood/Saliva/Sweat,
sp|P04217|A1BG_HUMAN,Alpha-1B-glycoprotein,Homo sapiens,Several,
sp|Q9N2D0|FETUA_PANTR,Alpha-2-HS-glycoprotein,Homo sapiens,Several,
sp|P01023|A2MG_HUMAN,Alpha-2-macroglobulin,Homo sapiens,Blood/Saliva/Sweat,
sp|A8K2U0|A2ML1_HUMAN,Alpha-2-macroglobulin-like protein 1,Homo sapiens,Blood/Saliva/Sweat,
sp|Q5RCS6|ACTN4_PONAB,Alpha-actinin-4,Homo sapiens,Several,
sp|P0DTE7|AMY1B_HUMAN,Alpha-amylase 1B,Homo sapiens,Saliva,
sp|P47710|CASA1_HUMAN,Alpha-S1-casein,Homo sapiens,Milk,
sp|P54920|SNAA_HUMAN,Alpha-soluble NSF attachment protein,Homo sapiens,Several,
sp|Q9H4A4|AMPB_HUMAN,Aminopeptidase B,Homo sapiens,Several,
sp|P04083|ANXA1_HUMAN,Annexin A1,Homo sapiens,Several,
sp|A5A6M2|ANXA1_PANTR,Annexin A1,Homo sapiens,Several,
sp|P50995|ANX11_HUMAN,Annexin A11,Homo sapiens,Several,
sp|Q5R5A0|ANXA2_PONAB,Annexin A2,Homo sapiens,Several,
sp|P12429|ANXA3_HUMAN,Annexin A3,Homo sapiens,Several,
sp|P09525|ANXA4_HUMAN,Annexin A4,Homo sapiens,Several,
sp|P08133|ANXA6_HUMAN,Annexin A6,Homo sapiens,Several,
sp|A5A6L7|ANXA8_PANTR,Annexin A8,Homo sapiens,Several,
sp|O76027|ANXA9_HUMAN,Annexin A9,Homo sapiens,Several,
sp|Q5R5A3|ANT3_PONAB,Antithrombin-III,Homo sapiens,Several,Male/Female
sp|P0DJG0|APOA1_PANTR,Apolipoprotein A-I,Homo sapiens,Several,
sp|P0DJD2|APOA2_PONAB,Apolipoprotein A-II,Homo sapiens,Several,
sp|P06727|APOA4_HUMAN,Apolipoprotein A-IV,Homo sapiens,Several,
sp|P04114|APOB_HUMAN,Apolipoprotein B-100,Homo sapiens,Several,
sp|P05090|APOD_HUMAN,Apolipoprotein D,Homo sapiens,Several,
sp|Q9ULZ3|ASC_HUMAN,Apoptosis-associated speck-like protein containing a CARD,Homo sapiens,Several,
sp|O75342|LX12B_HUMAN,"Arachidonate 12-lipoxygenase, 12R-type ",Homo sapiens,Skin,
sp|P05089|ARGI1_HUMAN,Arginase-1,Homo sapiens,Several,
sp|Q5RA20|SYRC_PONAB,"Arginine--tRNA ligase, cytoplasmic ",Homo sapiens,Several,
sp|P14868|SYDC_HUMAN,"Aspartate--tRNA ligase, cytoplasmic ",Homo sapiens,Several,
sp|Q5R9I5|SYDC_PONAB,"Aspartate--tRNA ligase, cytoplasmic ",Homo sapiens,Several,
sp|A5A6H5|ATPA_PANTR,"ATP synthase subunit alpha, mitochondrial ",Homo sapiens,Several,
sp|B0VXH3|ATPO_CALJA,"ATP synthase subunit O, mitochondrial ",Homo sapiens,Several,
sp|Q5R636|PFKAP_PONAB,"ATP-dependent 6-phosphofructokinase, platelet type ",Homo sapiens,Several,Male/Female
sp|P20160|CAP7_HUMAN,Azurocidin,Homo sapiens,Several,
sp|Q5R8H3|BAP31_PONAB,B-cell receptor-associated protein 31,Homo sapiens,Several,
sp|P17213|BPI_HUMAN,Bactericidal permeability-increasing protein,Homo sapiens,Blood,
REV_sp|Q9P281|BAHC1_HUMAN,BAH and coiled-coil domain-containing protein 1,Homo sapiens,REV,
sp|P02730|B3AT_HUMAN,Band 3 anion transport protein,Homo sapiens,Blood,
zz|Y-FGCZCont00154|,Beta casein,Homo sapiens,Milk,
sp|Q95LB0|APOH_PANTR,Beta-2-glycoprotein 1,Homo sapiens,Blood/Saliva/Sweat,
zz|Y-FGCZCont00027|,Beta-2-microglobulin,Homo sapiens,Several,
sp|P05814|CASB_HUMAN,Beta-casein,Homo sapiens,Milk,
sp|Q9Y4K1|CRBG1_HUMAN,Beta/gamma crystallin domain-containing protein 1,Homo sapiens,Several,
sp|P19835|CEL_HUMAN,Bile salt-activated lipase,Homo sapiens,Digestive tract,
sp|Q13867|BLMH_HUMAN,Bleomycin hydrolase,Homo sapiens,Skin,
sp|P13727|PRG2_HUMAN,Bone marrow proteoglycan,Homo sapiens,,Female
sp|Q9NP55|BPIA1_HUMAN,BPI fold-containing family A member 1,Homo sapiens,Saliva,
sp|Q96DR5|BPIA2_HUMAN,BPI fold-containing family A member 2,Homo sapiens,Saliva,
sp|Q8TDL5|BPIB1_HUMAN,BPI fold-containing family B member 1,Homo sapiens,Saliva,
sp|P80723|BASP1_HUMAN,Brain acid soluble protein 1,Homo sapiens,Several,Male
sp|Q13410|BT1A1_HUMAN,Butyrophilin subfamily 1 member A1,Homo sapiens,Milk,
sp|P11586|C1TC_HUMAN,"C-1-tetrahydrofolate synthase, cytoplasmic ",Homo sapiens,Several,
sp|Q5R8P0|C1TC_PONAB,"C-1-tetrahydrofolate synthase, cytoplasmic ",Homo sapiens,Several,
sp|P04003|C4BPA_HUMAN,C4b-binding protein alpha chain,Homo sapiens,Blood/Saliva/Sweat,
sp|P12830|CADH1_HUMAN,Cadherin-1,Homo sapiens,Several,
sp|Q14CN2|CLCA4_HUMAN,Calcium-activated chloride channel regulator 4,Homo sapiens,Digestive tract,Male/Female
sp|P0DP23|CALM1_HUMAN,Calmodulin-1,Homo sapiens,Several,
sp|P27482|CALL3_HUMAN,Calmodulin-like protein 3,Homo sapiens,Skin,
sp|Q9NZT1|CALL5_HUMAN,Calmodulin-like protein 5,Homo sapiens,Skin,Female
sp|P07384|CAN1_HUMAN,Calpain-1 catalytic subunit,Homo sapiens,Several,
sp|P23280|CAH6_HUMAN,Carbonic anhydrase 6,Homo sapiens,Saliva,
sp|Q5RCU5|CBR1_PONAB,Carbonyl reductase [NADPH] 1,Homo sapiens,Several,
sp|O75828|CBR3_HUMAN,Carbonyl reductase [NADPH] 3,Homo sapiens,Several,Male/Female
sp|Q9UI42|CBPA4_HUMAN,Carboxypeptidase A4,Homo sapiens,Skin,
sp|P06731|CEAM5_HUMAN,Carcinoembryonic antigen-related cell adhesion molecule 5,Homo sapiens,Digestive tract,
sp|P40199|CEAM6_HUMAN,Carcinoembryonic antigen-related cell adhesion molecule 6,Homo sapiens,Digestive tract,
sp|P31944|CASPE_HUMAN,Caspase-14,Homo sapiens,Skin,
zz|Y-FGCZCont00193|,Catalase,Homo sapiens,Several,
sp|Q2I6W4|CATA_CALJA,Catalase,Homo sapiens,Several,
sp|Q5RF10|CATA_PONAB,Catalase,Homo sapiens,Several,
sp|Q1KLX1|CAMP_PANTR,Cathelicidin antimicrobial peptide,Homo sapiens,Several,
sp|P07858|CATB_HUMAN,Cathepsin B,Homo sapiens,Several,
zz|Y-FGCZCont00195|,Cathepsin D,Homo sapiens,Several,
zz|Y-FGCZCont00064|,Cathepsin G,Homo sapiens,Several,
sp|P21926|CD9_HUMAN,CD9 antigen,Homo sapiens,Several,
REV_sp|Q2M2Z5|KIZ_HUMAN,Centrosomal protein kizuna,Homo sapiens,REV,REV
sp|P00450|CERU_HUMAN,Ceruloplasmin,Homo sapiens,Several,
sp|Q5RBP6|CH3L1_PONAB,Chitinase-3-like protein 1,Homo sapiens,Several,
sp|O00299|CLIC1_HUMAN,Chloride intracellular channel protein 1,Homo sapiens,Several,
sp|O95833|CLIC3_HUMAN,Chloride intracellular channel protein 3,Homo sapiens,Several,
sp|P08217|CEL2A_HUMAN,Chymotrypsin-like elastase family member 2A,Homo sapiens,Several,
sp|P10909|CLUS_HUMAN,Clusterin,Homo sapiens,Several,
sp|O00748|EST2_HUMAN,Cocaine esterase,Homo sapiens,Several,
tr|A2NB46|A2NB46_HUMAN,Cold agglutinin FS-2 L-chain ,Homo sapiens,NA,
sp|P02452|CO1A1_HUMAN,Collagen alpha-1(I),Homo sapiens,Several,
sp|P02461|CO3A1_HUMAN,Collagen alpha-1(III),Homo sapiens,Several,
sp|P12109|CO6A1_HUMAN,Collagen alpha-1(VI),Homo sapiens,Several,
sp|Q99715|COCA1_HUMAN,Collagen alpha-1(XII),Homo sapiens,Several,
sp|P08123|CO1A2_HUMAN,Collagen alpha-2(I),Homo sapiens,Several,
sp|P05997|CO5A2_HUMAN,Collagen alpha-2(V),Homo sapiens,Several,
sp|P12111|CO6A3_HUMAN,Collagen alpha-3(VI),Homo sapiens,Several,
sp|P02747|C1QC_HUMAN,Complement C1q subcomponent subunit C,Homo sapiens,Several,
sp|P01024|CO3_HUMAN,Complement C3,Homo sapiens,Several,
sp|P0C0L4|CO4A_HUMAN,Complement C4-A,Homo sapiens,Several,
sp|P0C0L5|CO4B_HUMAN,Complement C4-B,Homo sapiens,Several,
zz|Y-FGCZCont00050|,Complement C5,Homo sapiens,Several,
sp|P02748|CO9_HUMAN,Complement component C9,Homo sapiens,Several,
sp|P00751|CFAB_HUMAN,Complement factor B,Homo sapiens,Several,
sp|O75131|CPNE3_HUMAN,Copine-3,Homo sapiens,Several,
sp|P22528|SPR1B_HUMAN,Cornifin-B,Homo sapiens,Skin/Sweat,
sp|Q9UBG3|CRNN_HUMAN,Cornulin,Homo sapiens,Several,
sp|P31146|COR1A_HUMAN,Coronin-1A,Homo sapiens,Skin/Sweat,
sp|P12532|KCRU_HUMAN,"Creatine kinase U-type, mitochondrial ",Homo sapiens,Skin,
sp|P01040|CYTA_HUMAN,Cystatin-A,Homo sapiens,Several,
sp|P01034|CYTC_HUMAN,Cystatin-C,Homo sapiens,Several,
sp|Q15828|CYTM_HUMAN,Cystatin-M,Homo sapiens,Several,
sp|P01036|CYTS_HUMAN,Cystatin-S,Homo sapiens,Several,
sp|P09228|CYTT_HUMAN,Cystatin-SA,Homo sapiens,Several,
sp|P01037|CYTN_HUMAN,Cystatin-SN,Homo sapiens,Several,
sp|A8MQ03|CRTP1_HUMAN,Cysteine-rich tail protein 1,Homo sapiens,Saliva,
sp|P00403|C2_HUMAN,Cytochrome c oxidase subunit 2,Homo sapiens,Several,
sp|P13073|C41_HUMAN,"Cytochrome c oxidase subunit 4 isoform 1, mitochondrial ",Homo sapiens,Several,
sp|B0VYX1|C5A_PANTR,"Cytochrome c oxidase subunit 5A, mitochondrial ",Homo sapiens,Several,
sp|Q07065|CKAP4_HUMAN,Cytoskeleton-associated protein 4,Homo sapiens,Several,
sp|Q9H0P0|5NT3A_HUMAN,Cytosolic 5~-nucleotidase 3A,Homo sapiens,Several,
sp|P0C869|PA24B_HUMAN,Cytosolic phospholipase A2 beta,Homo sapiens,Several,
sp|Q86XP0|PA24D_HUMAN,Cytosolic phospholipase A2 delta,Homo sapiens,Several,
sp|Q3MJ16|PA24E_HUMAN,Cytosolic phospholipase A2 epsilon,Homo sapiens,Several,
sp|Q9UGM3|DMBT1_HUMAN,Deleted in malignant brain tumors 1 protein,Homo sapiens,Digestive tract,
sp|Q5R971|HEM2_PONAB,Delta-aminolevulinic acid dehydratase,Homo sapiens,Several,
sp|O00115|DNS2A_HUMAN,Deoxyribonuclease-2-alpha,Homo sapiens,Several,
sp|P81605|DCD_HUMAN,Dermcidin,Homo sapiens,Skin,
sp|Q6E0U4|DMKN_HUMAN,Dermokine,Homo sapiens,Skin,
zz|Y-FGCZCont00287|,Dermokine beta-1,Homo sapiens,Skin,
sp|Q08554|DSC1_HUMAN,Desmocollin-1,Homo sapiens,Several,
sp|Q02487|DSC2_HUMAN,Desmocollin-2,Homo sapiens,Several,
sp|Q14574|DSC3_HUMAN,Desmocollin-3,Homo sapiens,Several,
sp|Q02413|DSG1_HUMAN,Desmoglein-1,Homo sapiens,Several,
sp|P32926|DSG3_HUMAN,Desmoglein-3,Homo sapiens,Several,
sp|P15924|DESP_HUMAN,Desmoplakin,Homo sapiens,Skin,
sp|Q9UHL4|DPP2_HUMAN,Dipeptidyl peptidase 2,Homo sapiens,Several,
sp|Q5RFB6|RPN1_PONAB,Dolichyl-diphosphooligosaccharide--protein glycosyltransferase subunit 1,Homo sapiens,Several,
sp|O75923|DYSF_HUMAN,Dysferlin,Homo sapiens,Several,
sp|P19957|ELAF_HUMAN,Elafin,Homo sapiens,Digestive tract,Female
sp|P29692|EF1D_HUMAN,Elongation factor 1-delta,Homo sapiens,Several,
sp|P26641|EF1G_HUMAN,Elongation factor 1-gamma,Homo sapiens,Several,
sp|A0SXL6|EF2_CALJA,Elongation factor 2,Homo sapiens,Several,
sp|P49411|EFTU_HUMAN,"Elongation factor Tu, mitochondrial ",Homo sapiens,Several,
sp|P30040|ERP29_HUMAN,Endoplasmic reticulum resident protein 29,Homo sapiens,Several,
sp|Q9BS26|ERP44_HUMAN,Endoplasmic reticulum resident protein 44,Homo sapiens,Several,
sp|Q92817|EVPL_HUMAN,Envoplakin,Homo sapiens,Several,
sp|P12724|ECP_HUMAN,Eosinophil cationic protein,Homo sapiens,Blood/Saliva/Sweat,
sp|P11678|PERE_HUMAN,Eosinophil peroxidase,Homo sapiens,Blood/Saliva/Sweat,
sp|Q8TE68|ES8L1_HUMAN,Epidermal growth factor receptor kinase substrate 8-like protein 1,Homo sapiens,Several,
sp|Q9H6S3|ES8L2_HUMAN,Epidermal growth factor receptor kinase substrate 8-like protein 2,Homo sapiens,Several,
sp|Q5RC07|ES8L2_PONAB,Epidermal growth factor receptor kinase substrate 8-like protein 2,Homo sapiens,Several,
sp|P58107|EPIPL_HUMAN,Epiplakin,Homo sapiens,Skin,
sp|P07099|HYEP_HUMAN,Epoxide hydrolase 1,Homo sapiens,Several,
sp|Q9H0W9|CK054_HUMAN,Ester hydrolase C11orf54,Homo sapiens,Several,Male
sp|P56537|IF6_HUMAN,Eukaryotic translation initiation factor 6,Homo sapiens,Several,
sp|Q16610|ECM1_HUMAN,Extracellular matrix protein 1,Homo sapiens,Several,Male/Female
sp|P15311|EZRI_HUMAN,Ezrin,Homo sapiens,Several,
sp|P52907|CAZA1_HUMAN,F-actin-capping protein subunit alpha-1,Homo sapiens,Several,
sp|Q5NVM0|CAZA1_PONAB,F-actin-capping protein subunit alpha-1,Homo sapiens,Several,
sp|Q6ZVX7|FBX50_HUMAN,F-box only protein 50,Homo sapiens,Several,
sp|P14324|FPPS_HUMAN,Farnesyl pyrophosphate synthase,Homo sapiens,Several,
REV_sp|Q53R41|FAKD1_HUMAN,"FAST kinase domain-containing protein 1, mitochondrial ",Homo sapiens,REV,
sp|P49327|FAS_HUMAN,Fatty acid synthase,Homo sapiens,Several,
sp|Q01469|FABP5_HUMAN,Fatty acid-binding protein 5,Homo sapiens,Several,
zz|Y-FGCZCont00043|,FGCZCont0042 ambigous,Homo sapiens,,
zz|Y-FGCZCont00092|,FGCZCont0091,Homo sapiens,,
zz|Y-FGCZCont00137|,FGCZCont0136,Homo sapiens,,
zz|Y-FGCZCont00168|,FGCZCont0167,Homo sapiens,,
sp|P02671|FIBA_HUMAN,Fibrinogen alpha chain,Homo sapiens,Several,
sp|P02675|FIBB_HUMAN,Fibrinogen beta chain,Homo sapiens,Several,
sp|P02679|FIBG_HUMAN,Fibrinogen gamma chain,Homo sapiens,Several,
sp|P02751|FINC_HUMAN,Fibronectin,Homo sapiens,Several,
zz|Y-FGCZCont00442|,Filaggrin,Homo sapiens,Skin,
sp|Q5D862|FILA2_HUMAN,Filaggrin-2,Homo sapiens,Skin,
sp|P21333|FLNA_HUMAN,Filamin-A,Homo sapiens,Several,
sp|O75369|FLNB_HUMAN,Filamin-B,Homo sapiens,Several,
sp|P30043|BLVRB_HUMAN,Flavin reductase (NADPH),Homo sapiens,Several,
sp|Q5VWT5|FYB2_HUMAN,FYN-binding protein 2,Homo sapiens,Several,
sp|Q05315|LEG10_HUMAN,Galectin-10,Homo sapiens,Blood/Saliva/Sweat,
sp|P17931|LEG3_HUMAN,Galectin-3,Homo sapiens,Several,
sp|Q5RDA4|LG3BP_PONAB,Galectin-3-binding protein,Homo sapiens,Several,
sp|P47929|LEG7_HUMAN,Galectin-7,Homo sapiens,Several,
sp|Q92820|GGH_HUMAN,Gamma-glutamyl hydrolase,Homo sapiens,Several,
sp|O75223|GGCT_HUMAN,Gamma-glutamylcyclotransferase,Homo sapiens,Several,
sp|P17900|SAP3_HUMAN,Ganglioside GM2 activator,Homo sapiens,Several,
sp|Q96QA5|GSDMA_HUMAN,Gasdermin-A,Homo sapiens,Skin,
sp|Q13630|FCL_HUMAN,GDP-L-fucose synthase,Homo sapiens,Several,
zz|Y-FGCZCont00150|,Gelsolin,Homo sapiens,Several,
sp|P11413|G6PD_HUMAN,Glucose-6-phosphate 1-dehydrogenase,Homo sapiens,Several,
sp|P06744|G6PI_HUMAN,Glucose-6-phosphate isomerase,Homo sapiens,Several,
sp|P35754|GLRX1_HUMAN,Glutaredoxin-1,Homo sapiens,Several,
sp|P78417|GSTO1_HUMAN,Glutathione S-transferase omega-1,Homo sapiens,Several,
zz|Y-FGCZCont00037|,Glutathione S-transferase P,Homo sapiens,Several,
sp|P09211|GSTP1_HUMAN,Glutathione S-transferase P,Homo sapiens,Several,
sp|Q5R8R5|GSTP1_PONAB,Glutathione S-transferase P,Homo sapiens,Several,
sp|P04406|G3P_HUMAN,Glyceraldehyde-3-phosphate dehydrogenase,Homo sapiens,Several,
sp|Q5RAB4|G3P_PONAB,Glyceraldehyde-3-phosphate dehydrogenase,Homo sapiens,Several,
sp|P09466|PAEP_HUMAN,Glycodelin,Homo sapiens,,Female
sp|P06737|PYGL_HUMAN,"Glycogen phosphorylase, liver form ",Homo sapiens,Several,
sp|B0YN54|GLTP_PANTR,Glycolipid transfer protein,Homo sapiens,Skin,
sp|Q6ZN66|GBP6_HUMAN,Guanylate-binding protein 6,Homo sapiens,Saliva,
sp|P00738|HPT_HUMAN,Haptoglobin,Homo sapiens,Several,
sp|P0DMV8|HS71A_HUMAN,Heat shock 70 kDa protein 1A,Homo sapiens,Several,
sp|P17066|HSP76_HUMAN,Heat shock 70 kDa protein 6,Homo sapiens,Several,
sp|P04792|HSPB1_HUMAN,Heat shock protein beta-1,Homo sapiens,Several,
sp|P09601|HM1_HUMAN,Heme oxygenase 1,Homo sapiens,Blood/Saliva/Sweat,
sp|Q9Y5Z4|HEBP2_HUMAN,Heme-binding protein 2,Homo sapiens,Several,
zz|Y-FGCZCont00142|,Hemoglobin subunit alpha,Homo sapiens,Blood,
sp|P01935|HBA3_PANTR,Hemoglobin subunit alpha-3,Homo sapiens,Blood,
zz|Y-FGCZCont00175|,Hemoglobin subunit beta,Homo sapiens,Blood,
sp|P02042|HBD_HUMAN,Hemoglobin subunit delta,Homo sapiens,Blood,
sp|Q5R543|HEMO_PONAB,Hemopexin,Homo sapiens,Blood,
sp|Q9Y251|HPSE_HUMAN,Heparanase,Homo sapiens,Several,
sp|P05546|HEP2_HUMAN,Heparin cofactor 2,Homo sapiens,Blood,
sp|P0DMR1|HNRC4_HUMAN,Heterogeneous nuclear ribonucleoprotein C-like 4,Homo sapiens,NA,
sp|Q5RC71|HXK1_PONAB,Hexokinase-1,Homo sapiens,Several,
sp|P52790|HXK3_HUMAN,Hexokinase-3,Homo sapiens,Blood/Saliva/Sweat,
sp|P42357|HUTH_HUMAN,Histidine ammonia-lyase,Homo sapiens,Several,
sp|A0A2R8Y619|H2BK1_HUMAN,Histone H2B type 2-K1,Homo sapiens,Several,
sp|P01889|HLAB_HUMAN,"HLA class I histocompatibility antigen, B alpha chain ",Homo sapiens,Several,
sp|Q86YZ3|HORN_HUMAN,Hornerin,Homo sapiens,Skin,
sp|Q9BYJ1|LE3_HUMAN,Hydroperoxide isomerase ALE3,Homo sapiens,Skin,
sp|Q9Y6R7|FCGBP_HUMAN,IgGFc-binding protein,Homo sapiens,Digestive tract,
sp|P0D2|IGA2_HUMAN,Immunoglobulin alpha-2 heavy chain,Homo sapiens,Blood/Saliva/Sweat,
sp|P0D5|IGG1_HUMAN,Immunoglobulin gamma-1 heavy chain,Homo sapiens,Blood/Saliva/Sweat,
sp|P01876|IGHA1_HUMAN,Immunoglobulin heavy constant alpha 1,Homo sapiens,Blood/Saliva/Sweat,
sp|P01877|IGHA2_HUMAN,Immunoglobulin heavy constant alpha 2,Homo sapiens,Blood/Saliva/Sweat,
sp|P01859|IGHG2_HUMAN,Immunoglobulin heavy constant gamma 2,Homo sapiens,Blood/Saliva/Sweat,
sp|P01860|IGHG3_HUMAN,Immunoglobulin heavy constant gamma 3,Homo sapiens,Blood/Saliva/Sweat,
sp|P01871|IGHM_HUMAN,Immunoglobulin heavy constant mu,Homo sapiens,Blood/Saliva/Sweat,
sp|A0A0C4DH31|HV118_HUMAN,Immunoglobulin heavy variable 1-18,Homo sapiens,Blood/Saliva/Sweat,
sp|A0A0B4J1V1|HV321_HUMAN,Immunoglobulin heavy variable 3-21,Homo sapiens,Blood/Saliva/Sweat,
sp|P0DP03|HVC05_HUMAN,Immunoglobulin heavy variable 3-30-5,Homo sapiens,Blood/Saliva/Sweat,
sp|A0A0B4J1X5|HV374_HUMAN,Immunoglobulin heavy variable 3-74,Homo sapiens,Blood/Saliva/Sweat,
sp|A0A0C4DH41|HV461_HUMAN,Immunoglobulin heavy variable 4-61,Homo sapiens,Blood/Saliva/Sweat,
sp|P01591|IGJ_HUMAN,Immunoglobulin J chain,Homo sapiens,Blood/Saliva/Sweat,
sp|P01834|IGKC_HUMAN,Immunoglobulin kappa constant,Homo sapiens,Blood/Saliva/Sweat,
sp|P0D7|IGK_HUMAN,Immunoglobulin kappa light chain,Homo sapiens,Blood/Saliva/Sweat,
sp|A0A075B6P5|KV228_HUMAN,Immunoglobulin kappa variable 2-28,Homo sapiens,Blood/Saliva/Sweat,
sp|P01619|KV320_HUMAN,Immunoglobulin kappa variable 3-20,Homo sapiens,Blood/Saliva/Sweat,
sp|A0A0A0MRZ8|KVD11_HUMAN,Immunoglobulin kappa variable 3D-11,Homo sapiens,Blood/Saliva/Sweat,
sp|P0DOY2|IGLC2_HUMAN,Immunoglobulin lambda constant 2,Homo sapiens,Blood/Saliva/Sweat,
sp|P0CF74|IGLC6_HUMAN,Immunoglobulin lambda constant 6,Homo sapiens,Blood/Saliva/Sweat,
sp|A0M8Q6|IGLC7_HUMAN,Immunoglobulin lambda constant 7,Homo sapiens,Blood/Saliva/Sweat,
sp|P01700|LV147_HUMAN,Immunoglobulin lambda variable 1-47,Homo sapiens,Blood/Saliva/Sweat,
sp|P01704|LV214_HUMAN,Immunoglobulin lambda variable 2-14,Homo sapiens,Blood/Saliva/Sweat,
sp|A0A075B6K5|LV39_HUMAN,Immunoglobulin lambda variable 3-9,Homo sapiens,Blood/Saliva/Sweat,
sp|A0A075B6I9|LV746_HUMAN,Immunoglobulin lambda variable 7-46,Homo sapiens,Blood/Saliva/Sweat,
sp|P0D8|IGL1_HUMAN,Immunoglobulin lambda-1 light chain,Homo sapiens,Blood/Saliva/Sweat,
sp|P0D6|IGM_HUMAN,Immunoglobulin mu heavy chain,Homo sapiens,Blood/Saliva/Sweat,
sp|O14732|IMPA2_HUMAN,Inositol monophosphatase 2,Homo sapiens,Several,
sp|P14735|IDE_HUMAN,Insulin-degrading enzyme,Homo sapiens,Several,
sp|P35858|ALS_HUMAN,Insulin-like growth factor-binding protein complex acid labile subunit,Homo sapiens,Several,
sp|P11215|ITAM_HUMAN,Integrin alpha-M,Homo sapiens,Blood/Saliva/Sweat,
sp|P05107|ITB2_HUMAN,Integrin beta-2,Homo sapiens,Several,
sp|P19827|ITIH1_HUMAN,Inter-alpha-trypsin inhibitor heavy chain H1,Homo sapiens,Blood,Male
sp|P19823|ITIH2_HUMAN,Inter-alpha-trypsin inhibitor heavy chain H2,Homo sapiens,Blood,
sp|Q14624|ITIH4_HUMAN,Inter-alpha-trypsin inhibitor heavy chain H4,Homo sapiens,Blood,
sp|P18510|IL1RA_HUMAN,Interleukin-1 receptor antagonist protein,Homo sapiens,Several,
sp|Q9NZH8|IL36G_HUMAN,Interleukin-36 gamma,Homo sapiens,Skin,
sp|P07476|INVO_HUMAN,Involucrin,Homo sapiens,Several,
REV_sp|A0A1B0GVH7|IQCM_HUMAN,IQ domain-containing protein M,Homo sapiens,REV,
sp|P14923|PLAK_HUMAN,Junction plakoglobin,Homo sapiens,Several,
sp|P06870|KLK1_HUMAN,Kallikrein-1,Homo sapiens,Digestive tract,
sp|Q9P0G3|KLK14_HUMAN,Kallikrein-14,Homo sapiens,Skin,
sp|Q92876|KLK6_HUMAN,Kallikrein-6,Homo sapiens,Several,
sp|P07498|CASK_HUMAN,Kappa-casein,Homo sapiens,Milk,
sp|A5A6M6|K2C1_PANTR,Keratin 1,Homo sapiens,Skin,
zz|Y-FGCZCont00026|,Keratin 1,Homo sapiens,Skin,
zz|Y-FGCZCont00179|,Keratin 1,Homo sapiens,Skin,
zz|Y-FGCZCont00051|,Keratin 1,Homo sapiens,Skin,
zz|Y-FGCZCont00078|,Keratin 1,Homo sapiens,Skin,
sp|P04264|K2C1_HUMAN,Keratin 10,Homo sapiens,Skin,
zz|Y-FGCZCont00286|,Keratin 10,Homo sapiens,Skin,
zz|Y-FGCZCont00046|,Keratin 10,Homo sapiens,Skin,
zz|Y-FGCZCont00159|,Keratin 10,Homo sapiens,Skin,
zz|Y-FGCZCont00127|,Keratin 10,Homo sapiens,Skin,
zz|Y-FGCZCont00406|,Keratin 11,Homo sapiens,Skin,
zz|Y-FGCZCont00452|,Keratin 13,Homo sapiens,Skin,
sp|P13646|K1C13_HUMAN,Keratin 13,Homo sapiens,Skin,
zz|Y-FGCZCont00028|,Keratin 13,Homo sapiens,Skin,
zz|Y-FGCZCont00239|,Keratin 13,Homo sapiens,Skin,
zz|Y-FGCZCont00058|,Keratin 13,Homo sapiens,Skin,
zz|Y-FGCZCont00288|,Keratin 14,Homo sapiens,Skin,
zz|Y-FGCZCont00188|,Keratin 14,Homo sapiens,Skin,
zz|Y-FGCZCont00395|,Keratin 15,Homo sapiens,Skin,
zz|Y-FGCZCont00121|,Keratin 15,Homo sapiens,Skin,
zz|Y-FGCZCont00189|,Keratin 16,Homo sapiens,Skin,
zz|Y-FGCZCont00014|,Keratin 16,Homo sapiens,Skin,
zz|Y-FGCZCont00084|,Keratin 17,Homo sapiens,Skin,
zz|Y-FGCZCont00036|,Keratin 18,Homo sapiens,Skin,
sp|Q5R8S9|K1C19_PONAB,Keratin 19,Homo sapiens,Skin,
zz|Y-FGCZCont00090|,Keratin 19,Homo sapiens,Skin,
zz|Y-FGCZCont00285|,Keratin 2,Homo sapiens,Skin,
zz|Y-FGCZCont00147|,Keratin 2,Homo sapiens,Skin,
sp|Q9C075|K1C23_HUMAN,Keratin 23,Homo sapiens,Skin,
sp|Q2M2I5|K1C24_HUMAN,Keratin 24,Homo sapiens,Skin,
sp|A5A6N2|K1C25_PANTR,Keratin 25,Homo sapiens,Skin,
sp|Q7Z3Y7|K1C28_HUMAN,Keratin 28,Homo sapiens,Skin,
zz|Y-FGCZCont00431|,Keratin 3,Homo sapiens,Skin,
sp|P12035|K2C3_HUMAN,Keratin 3,Homo sapiens,Skin,
zz|Y-FGCZCont00408|,Keratin 31,Homo sapiens,Skin,
sp|A5A6M5|K1H1_PANTR,Keratin 31,Homo sapiens,Skin,
sp|Q14532|K1H2_HUMAN,Keratin 32,Homo sapiens,Hair,
sp|O76009|KT33A_HUMAN,Keratin 33A,Homo sapiens,Hair,
sp|A5A6P3|KT33A_PANTR,Keratin 33A,Homo sapiens,Hair,
zz|Y-FGCZCont00282|,Keratin 33A,Homo sapiens,Hair,
zz|Y-FGCZCont00190|,Keratin 33B,Homo sapiens,Hair,
zz|Y-FGCZCont00081|,Keratin 33B,Homo sapiens,Hair,
zz|Y-FGCZCont00279|,Keratin 34,Homo sapiens,Hair,
zz|Y-FGCZCont00030|,Keratin 34,Homo sapiens,Hair,
sp|Q92764|KRT35_HUMAN,Keratin 35,Homo sapiens,Hair,
zz|Y-FGCZCont00007|,Keratin 36,Homo sapiens,Hair,
zz|Y-FGCZCont00109|,Keratin 38,Homo sapiens,Hair,
sp|Q6A163|K1C39_HUMAN,Keratin 39,Homo sapiens,Hair,
zz|Y-FGCZCont00025|,Keratin 4,Homo sapiens,Skin,
zz|Y-FGCZCont00268|,Keratin 4,Homo sapiens,Skin,
zz|Y-FGCZCont00284|,Keratin 5,Homo sapiens,Skin,
sp|A5A6M8|K2C5_PANTR,Keratin 5,Homo sapiens,Skin,
zz|Y-FGCZCont00038|,Keratin 5,Homo sapiens,Skin,
zz|Y-FGCZCont00389|,Keratin 6A,Homo sapiens,Skin,
zz|Y-FGCZCont00035|,Keratin 6A,Homo sapiens,Skin,
zz|Y-FGCZCont00144|,Keratin 6A,Homo sapiens,Skin,
zz|Y-FGCZCont00060|,Keratin 6A,Homo sapiens,Skin,
zz|Y-FGCZCont00034|,Keratin 6B,Homo sapiens,Skin,
zz|Y-FGCZCont00174|,Keratin 6B,Homo sapiens,Skin,
zz|Y-FGCZCont00234|,Keratin 6B,Homo sapiens,Skin,
zz|Y-FGCZCont00289|,Keratin 6C,Homo sapiens,Skin,
zz|Y-FGCZCont00237|,Keratin 6C,Homo sapiens,Skin,
sp|Q14CN4|K2C72_HUMAN,Keratin 72,Homo sapiens,Hair,
sp|Q86Y46|K2C73_HUMAN,Keratin 73,Homo sapiens,Hair,
zz|Y-FGCZCont00426|,Keratin 75,Homo sapiens,Hair,
sp|Q01546|K22O_HUMAN,Keratin 76,Homo sapiens,Hair,
zz|Y-FGCZCont00062|,Keratin 76,Homo sapiens,Hair,
zz|Y-FGCZCont00416|,Keratin 77,Homo sapiens,Hair,
sp|Q7Z794|K2C1B_HUMAN,Keratin 77,Homo sapiens,Hair,
sp|Q8N1N4|K2C78_HUMAN,Keratin 78,Homo sapiens,Hair,
sp|Q5XKE5|K2C79_HUMAN,Keratin 79,Homo sapiens,Hair,
zz|Y-FGCZCont00236|,Keratin 8,Homo sapiens,Skin,
sp|Q6KB66|K2C80_HUMAN,Keratin 80,Homo sapiens,Hair,
zz|Y-FGCZCont00054|,Keratin 81,Homo sapiens,Hair,
zz|Y-FGCZCont00253|,Keratin 81,Homo sapiens,Hair,
zz|Y-FGCZCont00280|,Keratin 83,Homo sapiens,Hair,
zz|Y-FGCZCont00097|,Keratin 83,Homo sapiens,Hair,
sp|Q9NSB2|KRT84_HUMAN,Keratin 84,Homo sapiens,Hair,
zz|Y-FGCZCont00211|,Keratin 84,Homo sapiens,Hair,
zz|Y-FGCZCont00066|,Keratin 85,Homo sapiens,Hair,
zz|Y-FGCZCont00106|,Keratin 86,Homo sapiens,Hair,
sp|P35527|K1C9_HUMAN,Keratin 9,Homo sapiens,Skin,
zz|Y-FGCZCont00100|,Keratin 9,Homo sapiens,Skin,
zz|Y-FGCZCont00196|,Keratin 9,Homo sapiens,Skin,
zz|Y-FGCZCont00061|,Keratin 9,Homo sapiens,Skin,
sp|Q3LI83|KR241_HUMAN,Keratin-associated protein 24-1,Homo sapiens,Skin,
sp|Q5T749|KPRP_HUMAN,Keratinocyte proline-rich protein,Homo sapiens,Skin,
sp|P01042|KNG1_HUMAN,Kininogen-1,Homo sapiens,Blood,
REV_sp|Q63ZY3|KANK2_HUMAN,KN motif and ankyrin repeat domain-containing protein 2,Homo sapiens,REV,
sp|P00338|LDHA_HUMAN,L-lactate dehydrogenase A chain,Homo sapiens,,Male
sp|Q5R1W9|LDHA_PANTR,L-lactate dehydrogenase A chain,Homo sapiens,,Male
sp|Q7Z4W1|DCXR_HUMAN,L-xylulose reductase,Homo sapiens,Several,
sp|P22079|PERL_HUMAN,Lactoperoxidase,Homo sapiens,Saliva,
zz|Y-FGCZCont00032|,Lactotransferrin,Homo sapiens,Several,
sp|O00515|LAD1_HUMAN,Ladinin-1,Homo sapiens,Skin,
sp|P26373|RL13_HUMAN,Large ribosomal subunit protein eL13,Homo sapiens,Several,
sp|P47914|RL29_HUMAN,Large ribosomal subunit protein eL29,Homo sapiens,Several,
sp|Q02878|RL6_HUMAN,Large ribosomal subunit protein eL6,Homo sapiens,Several,
sp|Q5R931|RL10_PONAB,Large ribosomal subunit protein uL16,Homo sapiens,Several,
sp|P18124|RL7_HUMAN,Large ribosomal subunit protein uL30,Homo sapiens,Several,
sp|P02750|A2GL_HUMAN,Leucine-rich alpha-2-glycoprotein,Homo sapiens,Several,
sp|Q8TF66|LRC15_HUMAN,Leucine-rich repeat-containing protein 15,Homo sapiens,Skin,
sp|Q9UIQ6|LCAP_HUMAN,Leucyl-cystinyl aminopeptidase,Homo sapiens,Several,
sp|P30740|ILEU_HUMAN,Leukocyte elastase inhibitor,Homo sapiens,Several,
sp|P09960|LKHA4_HUMAN,Leukotriene A-4 hydrolase,Homo sapiens,Several,
sp|Q8WWI1|LMO7_HUMAN,LIM domain only protein 7,Homo sapiens,Several,
sp|P31025|LCN1_HUMAN,Lipocalin-1,Homo sapiens,Saliva,Male
sp|Q6UWW0|LCN15_HUMAN,Lipocalin-15,Homo sapiens,Digestive tract,Male
sp|P23490|LORI_HUMAN,Loricrin,Homo sapiens,Skin,
sp|Q6UWN5|LYPD5_HUMAN,Ly6/PLAUR domain-containing protein 5,Homo sapiens,Several,
sp|Q14210|LY6D_HUMAN,Lymphocyte antigen 6D,Homo sapiens,Skin/Saliva/Sweat,Female
sp|Q5R8E3|GBA1_PONAB,Lysosomal acid glucosylceramidase,Homo sapiens,Several,
sp|P10619|PPGB_HUMAN,Lysosomal protective protein,Homo sapiens,Several,
sp|P11279|LAMP1_HUMAN,Lysosome-associated membrane glycoprotein 1,Homo sapiens,Several,Female
zz|Y-FGCZCont00001|,Lysozyme C,Homo sapiens,Several,
sp|P40121|CAPG_HUMAN,Macrophage-capping protein,Homo sapiens,Several,
sp|O75900|MMP23_HUMAN,Matrix metalloproteinase-23,Homo sapiens,Several,Female
sp|P14780|MMP9_HUMAN,Matrix metalloproteinase-9,Homo sapiens,Blood/Saliva/Sweat,
sp|Q5RF48|SBP1_PONAB,Methanethiol oxidase,Homo sapiens,Digestive tract,Male/Female
sp|Q99735|MGST2_HUMAN,Microsomal glutathione S-transferase 2,Homo sapiens,Several,
sp|Q8TCT9|HM13_HUMAN,Minor histocompatibility antigen H13,Homo sapiens,Several,
sp|Q9N272|MK13_PANTR,Mitogen-activated protein kinase 13,Homo sapiens,Several,
sp|Q99102|MUC4_HUMAN,Mucin-4,Homo sapiens,Saliva,
sp|Q9HC84|MUC5B_HUMAN,Mucin-5B,Homo sapiens,Saliva,
sp|Q8TAX7|MUC7_HUMAN,Mucin-7,Homo sapiens,Saliva,
sp|Q96DR8|MUCL1_HUMAN,Mucin-like protein 1,Homo sapiens,Skin/Saliva/Sweat,Female
sp|P24158|PRTN3_HUMAN,Myeloblastin,Homo sapiens,Several,
sp|P41218|MNDA_HUMAN,Myeloid cell nuclear differentiation antigen,Homo sapiens,Skin/Saliva/Sweat,
sp|P05164|PERM_HUMAN,Myeloperoxidase,Homo sapiens,Several,
sp|P05976|MYL1_HUMAN,"Myosin light chain 1/3, skeletal muscle isoform ",Homo sapiens,Muscle,
sp|Q7Z406|MYH14_HUMAN,Myosin-14,Homo sapiens,Muscle,
sp|Q9Y623|MYH4_HUMAN,Myosin-4,Homo sapiens,Muscle,
sp|P13533|MYH6_HUMAN,Myosin-6,Homo sapiens,Muscle,
sp|P12883|MYH7_HUMAN,Myosin-7,Homo sapiens,Muscle,
sp|P35579|MYH9_HUMAN,Myosin-9,Homo sapiens,Muscle,
sp|Q9UJ70|NAGK_HUMAN,N-acetyl-D-glucosamine kinase,Homo sapiens,Several,
sp|Q6GTS8|P20D1_HUMAN,N-fatty-acyl-amino acid synthase/hydrolase PM20D1,Homo sapiens,Skin,
sp|P20933|ASPG_HUMAN,N(4)-(beta-N-acetylglucosaminyl)-L-asparaginase,Homo sapiens,Several,
sp|Q5RD31|NQO1_PONAB,NAD(P)H dehydrogenase [quinone] 1,Homo sapiens,Several,
sp|P0CB67|NDUS1_PONAB,"NADH-ubiquinone oxidoreductase 75 kDa subunit, mitochondrial ",Homo sapiens,Several,
sp|Q09666|AHNK_HUMAN,Neuroblast differentiation-associated protein AHNAK,Homo sapiens,Several,
sp|P22894|MMP8_HUMAN,Neutrophil collagenase,Homo sapiens,Blood/Saliva/Sweat,
sp|Q5G863|DEF1_PANTR,Neutrophil defensin 1,Homo sapiens,Blood/Saliva/Sweat,
sp|P08246|ELNE_HUMAN,Neutrophil elastase,Homo sapiens,Blood/Saliva/Sweat,
sp|P80188|NGAL_HUMAN,Neutrophil gelatinase-associated lipocalin,Homo sapiens,Blood/Saliva/Sweat,
sp|P43490|NAMPT_HUMAN,Nicotinamide phosphoribosyltransferase,Homo sapiens,Several,
sp|Q6XQN6|PNCB_HUMAN,Nicotinate phosphoribosyltransferase,Homo sapiens,Several,
sp|Q17RQ9|NKPD1_HUMAN,NTPase KAP family P-loop domain-containing protein 1,Homo sapiens,Skin,
sp|Q6UX06|OLFM4_HUMAN,Olfactomedin-4,Homo sapiens,Digestive tract,Female
sp|Q99935|PROL1_HUMAN,Opiorphin prepropeptide,Homo sapiens,Saliva,
REV_sp|Q5R4D2|ND1_PONAB,Oxidoreductase NAD-binding domain-containing protein 1,Homo sapiens,REV,
sp|O00151|PDLI1_HUMAN,PDZ and LIM domain protein 1,Homo sapiens,Several,
sp|Q96JY6|PDLI2_HUMAN,PDZ and LIM domain protein 2,Homo sapiens,Several,
sp|Q5RAV8|PLIN3_PONAB,Perilipin-3,Homo sapiens,Several,
sp|O60437|PEPL_HUMAN,Periplakin,Homo sapiens,Several,
sp|Q5R7E0|PRDX6_PONAB,Peroxiredoxin-6,Homo sapiens,Several,
sp|P51659|DHB4_HUMAN,Peroxisomal multifunctional enzyme type 2,Homo sapiens,Several,
sp|A5A6K4|PGK1_PANTR,Phosphoglycerate kinase 1,Homo sapiens,Several,
sp|P36955|PEDF_HUMAN,Pigment epithelium-derived factor,Homo sapiens,Several,
sp|Q13835|PKP1_HUMAN,Plakophilin-1,Homo sapiens,Skin,
sp|Q9Y446|PKP3_HUMAN,Plakophilin-3,Homo sapiens,Skin,
sp|P05155|IC1_HUMAN,Plasma protease C1 inhibitor,Homo sapiens,Several,
sp|Q5R8X6|PLMN_PONAB,Plasminogen,Homo sapiens,Blood,Female
sp|P05120|PAI2_HUMAN,Plasminogen activator inhibitor 2,Homo sapiens,Skin,Female
sp|P13796|PLSL_HUMAN,Plastin-2,Homo sapiens,Blood/Saliva/Sweat,Male
sp|Q15149|PLEC_HUMAN,Plectin,Homo sapiens,Several,
sp|P01833|PIGR_HUMAN,Polymeric immunoglobulin receptor,Homo sapiens,Digestive tract,Female
sp|P26599|PTBP1_HUMAN,Polypyrimidine tract-binding protein 1,Homo sapiens,Several,
sp|P16050|L15_HUMAN,Polyunsaturated fatty acid lipoxygenase AL15,Homo sapiens,Several,Male/Female
sp|P02545|LMNA_HUMAN,Prelamin-A/C,Homo sapiens,Several,
sp|P09668|CATH_HUMAN,Pro-cathepsin H,Homo sapiens,Several,
sp|Q6NUJ1|SAPL1_HUMAN,Proactivator polypeptide-like 1,Homo sapiens,Skin,
REV_sp|A2PYH4|HFM1_HUMAN,Probable ATP-dependent DNA helicase HFM1,Homo sapiens,REV,
sp|A0A075B6R9|KVD24_HUMAN,Probable non-functional immunoglobulin kappa variable 2D-24,Homo sapiens,Several,
sp|A0A075B6H7|KV37_HUMAN,Probable non-functional immunoglobulin kappa variable 3-7,Homo sapiens,Blood/Saliva/Sweat,
sp|P07737|PROF1_HUMAN,Profilin-1,Homo sapiens,Several,
sp|Q8WUM4|PDC6I_HUMAN,Programmed cell death 6-interacting protein,Homo sapiens,Several,
sp|P12273|PIP_HUMAN,Prolactin-inducible protein,Homo sapiens,Saliva,
sp|Q6MZM9|PRR27_HUMAN,Proline-rich protein 27,Homo sapiens,Saliva,
sp|Q16378|PROL4_HUMAN,Proline-rich protein 4,Homo sapiens,Saliva,
sp|Q14914|PTGR1_HUMAN,Prostaglandin reductase 1,Homo sapiens,Several,
sp|P15309|PPAP_HUMAN,Prostatic acid phosphatase,Homo sapiens,Several,
sp|Q5R8S2|PSB5_PONAB,Proteasome subunit beta type-5,Homo sapiens,Several,
sp|P28062|PSB8_HUMAN,Proteasome subunit beta type-8,Homo sapiens,Several,
sp|O75629|CREG1_HUMAN,Protein CREG1,Homo sapiens,Several,
sp|Q5R5B6|PDIA1_PONAB,Protein disulfide-isomerase,Homo sapiens,Several,
sp|P13667|PDIA4_HUMAN,Protein disulfide-isomerase A4,Homo sapiens,Several,
sp|Q5R6T1|PDIA6_PONAB,Protein disulfide-isomerase A6,Homo sapiens,Several,
sp|Q6ZRV2|FA83H_HUMAN,Protein FAM83H,Homo sapiens,Skin/Saliva/Sweat,Male
sp|Q5T750|KPLCE_HUMAN,Protein KPLCE,Homo sapiens,Skin,
sp|Q08AI8|MB214_HUMAN,Protein mab-21-like 4,Homo sapiens,Saliva,
sp|Q96TA1|NIBA2_HUMAN,Protein Niban 2,Homo sapiens,Several,
sp|Q8WVV4|POF1B_HUMAN,Protein POF1B,Homo sapiens,Skin/Saliva/Sweat,
sp|Q5RBB5|POF1B_PONAB,Protein POF1B,Homo sapiens,Skin/Saliva/Sweat,
sp|P31949|S10AB_HUMAN,Protein S100-A11,Homo sapiens,Several,
sp|Q9HCY8|S10AE_HUMAN,Protein S100-A14,Homo sapiens,Skin/Saliva/Sweat,
sp|Q96FQ6|S10AG_HUMAN,Protein S100-A16,Homo sapiens,Skin/Saliva/Sweat,
sp|P06703|S10A6_HUMAN,Protein S100-A6,Homo sapiens,Several,
sp|P31151|S10A7_HUMAN,Protein S100-A7,Homo sapiens,Blood/Saliva/Sweat,
sp|Q86SG5|S1A7A_HUMAN,Protein S100-A7A,Homo sapiens,Blood/Saliva/Sweat,
sp|P05109|S10A8_HUMAN,Protein S100-A8,Homo sapiens,Skin/Saliva/Sweat,
sp|P06702|S10A9_HUMAN,Protein S100-A9,Homo sapiens,Blood/Saliva/Sweat,
sp|P25815|S100P_HUMAN,Protein S100-P,Homo sapiens,Several,
sp|Q8TF72|SHRM3_HUMAN,Protein Shroom3,Homo sapiens,Several,
sp|Q9UM07|PADI4_HUMAN,Protein-arginine deiminase type-4,Homo sapiens,Blood/Saliva/Sweat,
sp|Q08188|TGM3_HUMAN,Protein-glutamine gamma-glutamyltransferase E,Homo sapiens,Skin/Saliva/Sweat,
sp|P22735|TGM1_HUMAN,Protein-glutamine gamma-glutamyltransferase K,Homo sapiens,Skin/Saliva/Sweat,
sp|P00491|PNPH_HUMAN,Purine nucleoside phosphorylase,Homo sapiens,Blood,Male 
sp|P55786|PSA_HUMAN,Puromycin-sensitive aminopeptidase,Homo sapiens,Several,
sp|A6NGU5|GGT3_HUMAN,Putative glutathione hydrolase 3 proenzyme,Homo sapiens,NA,
sp|Q5VSP4|LC1L1_HUMAN,Putative lipocalin 1-like protein 1,Homo sapiens,Saliva,Male 
sp|A6NI72|NCF1B_HUMAN,Putative neutrophil cytosol factor 1B,Homo sapiens,Several,
sp|P14618|KPYM_HUMAN,Pyruvate kinase PKM,Homo sapiens,Several,
sp|Q5NVN0|KPYM_PONAB,Pyruvate kinase PKM,Homo sapiens,Several,
sp|P50395|GDIB_HUMAN,Rab GDP dissociation inhibitor beta,Homo sapiens,Several,
sp|P46940|IQGA1_HUMAN,Ras GTPase-activating-like protein IQGAP1,Homo sapiens,Several,
sp|Q6XPR3|RPTN_HUMAN,Repetin,Homo sapiens,Skin/Saliva/Sweat,
sp|Q9NQC3|RTN4_HUMAN,Reticulon-4,Homo sapiens,Several,
sp|P52566|GDIR2_HUMAN,Rho GDP-dissociation inhibitor 2,Homo sapiens,Several,
sp|Q8HZP9|RINI_PANTR,Ribonuclease inhibitor,Homo sapiens,Several,
REV_sp|Q96E39|RMXL1_HUMAN,"RNA binding motif protein, X-linked-like-1 ",Homo sapiens,REV,
sp|O95171|SCEL_HUMAN,Sciellin,Homo sapiens,Skin/Saliva/Sweat,Male
sp|O95969|SG1D2_HUMAN,Secretoglobin family 1D member 2,Homo sapiens,,Female
sp|P04279|SEMG1_HUMAN,Semenogelin-1,Homo sapiens,,Male
sp|Q02383|SEMG2_HUMAN,Semenogelin-2,Homo sapiens,,Male
sp|P0C7A4|SEMG2_PONAB,Semenogelin-2,Homo sapiens,,Male
sp|A5A6I6|TRFE_PANTR,Serotransferrin,Homo sapiens,Several,Female
sp|Q8IW75|SPA12_HUMAN,Serpin A12,Homo sapiens,Skin,
sp|Q96P63|SPB12_HUMAN,Serpin B12,Homo sapiens,Skin/Saliva/Sweat,
sp|Q9UIV8|SPB13_HUMAN,Serpin B13,Homo sapiens,Several,
sp|P29508|SPB3_HUMAN,Serpin B3,Homo sapiens,Several,
sp|P48594|SPB4_HUMAN,Serpin B4,Homo sapiens,Skin,Female
sp|P36952|SPB5_HUMAN,Serpin B5,Homo sapiens,Several,Female
sp|Q5R899|SPB6_PONAB,Serpin B6,Homo sapiens,Several,
sp|O75635|SPB7_HUMAN,Serpin B7,Homo sapiens,Skin,
sp|P50452|SPB8_HUMAN,Serpin B8,Homo sapiens,Several,Male/Female
sp|P02743|SAMP_HUMAN,Serum amyloid P-component,Homo sapiens,Blood/Saliva/Sweat,
sp|Q8NEX9|DR9C7_HUMAN,Short-chain dehydrogenase/reductase family 9C member 7,Homo sapiens,Skin,Female
sp|Q9Y3R4|NEUR2_HUMAN,Sialidase-2,Homo sapiens,Skin,
sp|Q9UBC9|SPRR3_HUMAN,Small proline-rich protein 3,Homo sapiens,Skin/Saliva/Sweat,Female
sp|B0KW94|RS3A_CALJA,Small ribosomal subunit protein eS1,Homo sapiens,Several,
sp|P0C2F0|RS30_PONAB,Small ribosomal subunit protein eS30,Homo sapiens,Several,
sp|Q5R924|RS20_PONAB,Small ribosomal subunit protein uS10,Homo sapiens,Several,
sp|A0A8I5KQE6|RPSA2_HUMAN,Small ribosomal subunit protein uS2B,Homo sapiens,Several,
sp|Q9BW04|SARG_HUMAN,Specifically androgen-regulated gene protein,Homo sapiens,Several,
sp|O15020|SPTN2_HUMAN,"Spectrin beta chain, non-erythrocytic 2 ",Homo sapiens,Several,
sp|Q9NRC6|SPTN5_HUMAN,"Spectrin beta chain, non-erythrocytic 5 ",Homo sapiens,Several,
sp|Q7KZF4|SND1_HUMAN,Staphylococcal nuclease domain-containing protein 1,Homo sapiens,Several,
sp|P08842|STS_HUMAN,Steryl-sulfatase,Homo sapiens,Several,Female
sp|P27105|STOM_HUMAN,Stomatin,Homo sapiens,Several,
sp|P02814|SMR3B_HUMAN,Submaxillary gland androgen-regulated protein 3B,Homo sapiens,Saliva,
sp|H2N4I1|QS1_PONAB,Sulfhydryl oxidase 1,Homo sapiens,Several,
sp|Q9Y6N5|SQOR_HUMAN,"Sulfide:quinone oxidoreductase, mitochondrial ",Homo sapiens,Several,
sp|O00204|ST2B1_HUMAN,Sulfotransferase 2B1,Homo sapiens,Skin/Saliva/Sweat,Female
sp|Q6UWP8|SBSN_HUMAN,Suprabasin,Homo sapiens,Skin/Saliva/Sweat,Female
sp|Q16563|SYPL1_HUMAN,Synaptophysin-like protein 1,Homo sapiens,Several,
sp|Q5RAP1|TCPQ_PONAB,T-complex protein 1 subunit theta,Homo sapiens,Several,
sp|Q5RCD2|TCPZ_PONAB,T-complex protein 1 subunit zeta,Homo sapiens,Several,
sp|P24821|TENA_HUMAN,Tenascin,Homo sapiens,Several,
sp|Q5R9M3|THIO_PONAB,Thioredoxin,Homo sapiens,Several,
sp|Q5REY3|PRDX3_PONAB,"Thioredoxin-dependent peroxide reductase, mitochondrial ",Homo sapiens,Several,
sp|Q16762|THTR_HUMAN,Thiosulfate sulfurtransferase,Homo sapiens,Several,
sp|Q9BQ50|TREX2_HUMAN,Three prime repair exonuclease 2,Homo sapiens,Skin,
sp|P19971|TYPH_HUMAN,Thymidine phosphorylase,Homo sapiens,Several,
REV_sp|Q8WZ42|TITIN_HUMAN,Titin,Homo sapiens,REV,
sp|Q9H0E2|TOLIP_HUMAN,Toll-interacting protein,Homo sapiens,Several,
sp|P37837|TALDO_HUMAN,Transaldolase,Homo sapiens,Several,
sp|Q5R1W6|TKT_PANTR,Transketolase,Homo sapiens,Several,
sp|Q5REH6|SSRD_PONAB,Translocon-associated protein subunit delta,Homo sapiens,Several,
sp|Q14956|GPNMB_HUMAN,Transmembrane glycoprotein NMB,Homo sapiens,Several,
sp|Q86T26|TM11B_HUMAN,Transmembrane protease serine 11B,Homo sapiens,Blood/Saliva/Sweat,Female
sp|Q9BVC6|TM109_HUMAN,Transmembrane protein 109,Homo sapiens,Several,
sp|P02766|TTHY_HUMAN,Transthyretin,Homo sapiens,Several,
sp|P40939|ECHA_HUMAN,"Trifunctional enzyme subunit alpha, mitochondrial ",Homo sapiens,Several,
sp|Q5R1W7|ECHB_PANTR,"Trifunctional enzyme subunit beta, mitochondrial ",Homo sapiens,Several,
sp|Q14134|TRI29_HUMAN,Tripartite motif-containing protein 29,Homo sapiens,Skin,
sp|Q5IS74|TPP1_PANTR,Tripeptidyl-peptidase 1,Homo sapiens,Several,
sp|Q9NYL9|TMOD3_HUMAN,Tropomodulin-3,Homo sapiens,Several,
zz|Y-FGCZCont00180|,Trypsin,Homo sapiens,Several,
zz|Y-FGCZCont00414|,Trypsin-1 precurson,Homo sapiens,Several,
sp|P35030|TRY3_HUMAN,Trypsin-3,Homo sapiens,Several,
sp|A6NHL2|TBAL3_HUMAN,Tubulin alpha chain-like 3,Homo sapiens,Digestive tract,
sp|Q9BQE3|TBA1C_HUMAN,Tubulin alpha-1C chain,Homo sapiens,Several,
sp|P0DPH7|TBA3C_HUMAN,Tubulin alpha-3C chain,Homo sapiens,,Male
sp|Q3ZCM7|TBB8_HUMAN,Tubulin beta-8 chain,Homo sapiens,,Male/Female
sp|Q14166|TTL12_HUMAN,Tubulin--tyrosine ligase-like protein 12,Homo sapiens,Several,
sp|Q5VVQ6|OTU1_HUMAN,Ubiquitin thioesterase OTU1,Homo sapiens,Several,
sp|P22314|UBA1_HUMAN,Ubiquitin-like modifier-activating enzyme 1,Homo sapiens,Several,
sp|O14933|UB2L6_HUMAN,Ubiquitin/ISG15-conjugating enzyme E2 L6,Homo sapiens,Several,
REV_sp|Q8NCQ2|CNAS1_HUMAN,Uncharacterized protein CSNK1G2-AS1,Homo sapiens,REV,
sp|P07911|UROM_HUMAN,Uromodulin,Homo sapiens,Urine,
sp|P0DPA2|VSIG8_HUMAN,V-set and immunoglobulin domain-containing protein 8,Homo sapiens,Digestive tract,Male
sp|Q5R5H2|VATA_PONAB,V-type proton ATPase catalytic subunit A,Homo sapiens,Several,
sp|P26640|SYVC_HUMAN,Valine--tRNA ligase,Homo sapiens,Several,Male
sp|P49748|ACADV_HUMAN,"Very long-chain specific acyl-CoA dehydrogenase, mitochondrial ",Homo sapiens,Several,
sp|Q5R1W8|VIME_PANTR,Vimentin,Homo sapiens,Several,
sp|P13010|XRCC5_HUMAN,X-ray repair cross-complementing protein 5,Homo sapiens,Several,
sp|P12956|XRCC6_HUMAN,X-ray repair cross-complementing protein 6,Homo sapiens,Several,
sp|P47989|XDH_HUMAN,Xanthine dehydrogenase/oxidase,Homo sapiens,Digestive tract,Female
sp|O15231|ZN185_HUMAN,Zinc finger protein 185,Homo sapiens,Skin,Male
sp|P25311|ZA2G_HUMAN,Zinc-alpha-2-glycoprotein,Homo sapiens,Skin/Saliva/Sweat,Male/Female
sp|Q96DA0|ZG16B_HUMAN,Zymogen granule protein 16 homolog B,Homo sapiens,Saliva,